accuracy,precision_weighted,recall_weighted,f1_weighted
0.8908333333333334,0.8928403686084508,0.8908333333333334,0.8908359045014924
