accuracy,precision_weighted,recall_weighted,f1_weighted
0.5120833333333333,0.5238942390189414,0.5120833333333333,0.5113427985366261
